{
    "loss": 19.455392837524414,
    "accuracy": 0.2670156955718994
}