{
    "loss": 0.11647487431764603,
    "accuracy": 0.9583333134651184
}